{"stats":{"minecraft:custom":{"minecraft:jump":160,"minecraft:time_since_rest":254,"minecraft:deaths":1,"minecraft:damage_dealt":40,"minecraft:play_time":7846,"minecraft:leave_game":2,"minecraft:sprint_one_cm":23217,"minecraft:damage_taken":230,"minecraft:time_since_death":227,"minecraft:walk_one_cm":6017,"minecraft:sneak_time":8,"minecraft:total_world_time":7846,"minecraft:fall_one_cm":4493,"minecraft:fly_one_cm":39170},"minecraft:mined":{"minecraft:grass":2},"minecraft:killed_by":{"minecraft:player":1}},"DataVersion":3465}