{"stats":{"minecraft:custom":{"minecraft:jump":73,"minecraft:time_since_rest":1517,"minecraft:damage_dealt":247,"minecraft:leave_game":1,"minecraft:damage_taken":50,"minecraft:sprint_one_cm":10336,"minecraft:play_time":3072,"minecraft:deaths":1,"minecraft:time_since_death":1460,"minecraft:walk_one_cm":13882,"minecraft:total_world_time":3072,"minecraft:fall_one_cm":2282,"minecraft:fly_one_cm":5555,"minecraft:player_kills":1},"minecraft:picked_up":{"minecraft:wheat_seeds":3},"minecraft:mined":{"minecraft:grass":60}},"DataVersion":3465}