{"stats":{"minecraft:used":{"minecraft:bow":6,"minecraft:crafting_table":1},"minecraft:crafted":{"minecraft:crafting_table":1,"minecraft:oak_planks":4},"minecraft:custom":{"minecraft:jump":237,"minecraft:time_since_rest":9810,"minecraft:leave_game":1,"minecraft:crouch_one_cm":39,"minecraft:walk_on_water_one_cm":293,"minecraft:sprint_one_cm":19210,"minecraft:play_time":9810,"minecraft:time_since_death":9810,"minecraft:walk_one_cm":2463,"minecraft:sneak_time":46,"minecraft:total_world_time":9810,"minecraft:walk_under_water_one_cm":80,"minecraft:swim_one_cm":456,"minecraft:fall_one_cm":3727,"minecraft:fly_one_cm":135799}},"DataVersion":3953}