{
  "minecraft:recipes/decorations/crafting_table": {
    "criteria": {
      "unlock_right_away": "2024-08-01 14:35:21 +0000"
    },
    "done": true
  },
  "minecraft:adventure/adventuring_time": {
    "criteria": {
      "minecraft:beach": "2024-08-01 14:38:22 +0000",
      "minecraft:river": "2024-08-01 14:38:26 +0000",
      "minecraft:snowy_plains": "2024-08-01 14:38:05 +0000",
      "minecraft:snowy_taiga": "2024-08-01 14:38:06 +0000",
      "minecraft:cold_ocean": "2024-08-01 14:38:21 +0000",
      "minecraft:forest": "2024-08-01 14:35:21 +0000"
    },
    "done": false
  },
  "DataVersion": 3465
}